"Id","Position","First Name","Nickname","Last Name","FPPG","Played","Salary","Game","Team","Opponent","Injury Indicator","Injury Details","",""
"17027-62497","RB","David","","Johnson","23.08000030517578","10","9500","ARI@ATL","ARI","ATL","","","",""
"17027-31360","WR","Odell","","Beckham Jr.","14.539999389648438","10","9000","NYG@CLE","NYG","CLE","","","",""
"17027-14190","WR","Julio","","Jones","17.1","10","8700","ARI@ATL","ATL","ARI","","","",""
"17027-6616","QB","Matt","","Ryan","22.777999877929688","10","8700","ARI@ATL","ATL","ARI","","","",""
"17027-6504","QB","Drew","","Brees","23.08800048828125","10","8600","LA@NO","NO","LA","","","",""
"17027-46882","RB","Jay","","Ajayi","14.366667005750868","9","8400","SF@MIA","MIA","SF","","","",""
"17027-29358","QB","Marcus","","Mariota","20.47999988902699","11","8300","TEN@CHI","TEN","CHI","","","",""
"17027-14254","RB","DeMarco","","Murray","19.563636086203836","11","8300","TEN@CHI","TEN","CHI","","","",""
"17027-28900","RB","Melvin","","Gordon","19.689999389648438","10","8200","SD@HOU","SD","HOU","","","",""
"17027-6779","RB","LeSean","","McCoy","16.333333333333332","9","8100","JAC@BUF","BUF","JAC","","","",""
"17027-7968","QB","Philip","","Rivers","18.003999328613283","10","8000","SD@HOU","SD","HOU","","","",""
"17027-14187","WR","A.J.","","Green","15.339999389648437","10","8000","CIN@BAL","CIN","BAL","NA","Hamstring","",""
"17027-6826","QB","Eli","","Manning","16.19199981689453","10","7800","NYG@CLE","NYG","CLE","","","",""
"17027-14377","QB","Tyrod","","Taylor","17.95","10","7700","JAC@BUF","BUF","JAC","","","",""
"17027-30447","RB","Todd","","Gurley","11.430000305175781","10","7500","LA@NO","LA","NO","","","",""
"17027-14225","QB","Andy","","Dalton","17.83000030517578","10","7400","CIN@BAL","CIN","BAL","","","",""
"17027-28643","WR","Allen","","Robinson","12.019999694824218","10","7400","JAC@BUF","JAC","BUF","","","",""
"17027-6714","QB","Joe","","Flacco","15.46199951171875","10","7300","CIN@BAL","BAL","CIN","","","",""
"17027-29501","WR","Brandin","","Cooks","13.769999694824218","10","7300","LA@NO","NO","LA","","","",""
"17027-24920","RB","Devonta","","Freeman","13.760000610351563","10","7300","ARI@ATL","ATL","ARI","","","",""
"17027-6883","WR","Larry","","Fitzgerald","14.239999389648437","10","7200","ARI@ATL","ARI","ATL","","","",""
"17027-14231","QB","Colin","","Kaepernick","19.952000427246094","5","7200","SF@MIA","SF","MIA","","","",""
"17027-34308","QB","Blake","","Bortles","18.922000122070312","10","7100","JAC@BUF","JAC","BUF","","","",""
"17027-22037","RB","Lamar","","Miller","13.169999694824218","10","7100","SD@HOU","HOU","SD","","","",""
"17027-6748","QB","Carson","","Palmer","16.13111029730903","9","7100","ARI@ATL","ARI","ATL","","","",""
"17027-6535","WR","Kenny","","Britt","11.40999984741211","10","7100","LA@NO","LA","NO","","","",""
"17027-21948","QB","Ryan","","Tannehill","14.655999755859375","10","7100","SF@MIA","MIA","SF","","","",""
"17027-31394","WR","Jarvis","","Landry","11.240000152587891","10","7000","SF@MIA","MIA","SF","","","",""
"17027-16606","WR","DeAndre","","Hopkins","9.7","10","7000","SD@HOU","HOU","SD","","","",""
"17027-15212","WR","Terrelle","","Pryor Sr.","12.37636358087713","11","6900","NYG@CLE","CLE","NYG","","","",""
"17027-42142","RB","Jordan","","Howard","12.622222052680122","9","6800","TEN@CHI","CHI","TEN","","","",""
"17027-28473","RB","Carlos","","Hyde","13.237500190734863","8","6800","SF@MIA","SF","MIA","","","",""
"17027-6607","WR","Mike","","Wallace","12.669999694824218","10","6700","CIN@BAL","BAL","CIN","","","",""
"17027-6898","QB","Jay","","Cutler","10.351999664306641","5","6600","TEN@CHI","CHI","TEN","NA","Shoulder","",""
"17027-8052","RB","Rashad","","Jennings","9.985714503696986","7","6600","NYG@CLE","NYG","CLE","","","",""
"17027-62535","WR","Tyrell","","Williams","11.75","10","6500","SD@HOU","SD","HOU","","","",""
"17027-6828","RB","Tim","","Hightower","6.079999923706055","10","6500","LA@NO","NO","LA","","","",""
"17027-30237","RB","Mike","","Gillislee","7.05999984741211","10","6400","JAC@BUF","BUF","JAC","NA","Hamstring","",""
"17027-6803","QB","Josh","","McCown","11.305000305175781","4","6400","NYG@CLE","CLE","NYG","","","",""
"17027-33557","TE","Tyler","","Eifert","9.600000381469727","4","6400","CIN@BAL","CIN","BAL","","","",""
"17027-29587","QB","Cody","","Kessler","9.819999694824219","8","6400","NYG@CLE","CLE","NYG","NA","Concussion","",""
"17027-28573","WR","Michael","","Thomas","12.20999984741211","10","6400","LA@NO","NO","LA","","","",""
"17027-44449","WR","Willie","","Snead","11.38888888888889","9","6400","LA@NO","NO","LA","","","",""
"17027-6735","WR","Steve","","Smith Sr.","11.699999809265137","8","6300","CIN@BAL","BAL","CIN","","","",""
"17027-54607","RB","Terrance","","West","9.45","10","6300","CIN@BAL","BAL","CIN","","","",""
"17027-21994","QB","Brock","","Osweiler","12.723999786376954","10","6300","SD@HOU","HOU","SD","","","",""
"17027-33260","WR","DeVante","","Parker","8.833333333333334","9","6300","SF@MIA","MIA","SF","","","",""
"17027-22163","WR","Rishard","","Matthews","10.818181818181818","11","6200","TEN@CHI","TEN","CHI","","","",""
"17027-6863","TE","Delanie","","Walker","11.4","10","6100","TEN@CHI","TEN","CHI","","","",""
"17027-27477","WR","Sterling","","Shepard","9.95999984741211","10","6100","NYG@CLE","NYG","CLE","","","",""
"17027-29715","QB","Kevin","","Hogan","6.21999994913737","3","6000","NYG@CLE","CLE","NYG","","","",""
"17027-6679","QB","Matt","","Schaub","-0.20000000298023224","1","6000","ARI@ATL","ATL","ARI","","","",""
"17027-38435","QB","Jared","","Goff","6.460000038146973","1","6000","LA@NO","LA","NO","","","",""
"17027-42028","WR","Will","","Fuller","8.737500190734863","8","6000","SD@HOU","HOU","SD","","","",""
"17027-7744","QB","Drew","","Stanton","3.265000104904175","4","6000","ARI@ATL","ARI","ATL","","","",""
"17027-7778","QB","Matt","","Cassel","0.25","2","6000","TEN@CHI","TEN","CHI","","","",""
"17027-7872","QB","Brian","","Hoyer","13.266666412353516","6","6000","TEN@CHI","CHI","TEN","IR","Forearm","",""
"17027-7965","TE","Antonio","","Gates","9","8","6000","SD@HOU","SD","HOU","","","",""
"17027-7970","QB","Charlie","","Whitehurst","10.380000114440918","1","6000","NYG@CLE","CLE","NYG","","","",""
"17027-14194","QB","Blaine","","Gabbert","15.539999389648438","5","6000","SF@MIA","SF","MIA","","","",""
"17027-14211","RB","Mark","","Ingram","12.269999694824218","10","6000","LA@NO","NO","LA","Q","Concussion","",""
"17027-29605","QB","Matt","","Barkley","1.1399999856948853","1","6000","TEN@CHI","CHI","TEN","","","",""
"17027-21941","QB","Robert","","Griffin III","10.300000190734863","1","6000","NYG@CLE","CLE","NYG","IR","Shoulder","",""
"17027-14267","QB","Ryan","","Mallett","0.029999999329447746","2","6000","CIN@BAL","BAL","CIN","","","",""
"17027-21959","QB","Brandon","","Weeden","11.403333028157553","6","6000","SD@HOU","HOU","SD","NA","Coach's decision","",""
"17027-22994","QB","Case","","Keenum","13.428888956705729","9","6000","LA@NO","LA","NO","","","",""
"17027-22018","WR","Mohamed","","Sanu","8.05","10","5900","ARI@ATL","ATL","ARI","","","",""
"17027-62538","WR","Cameron","","Meredith","8.512499809265137","8","5900","TEN@CHI","CHI","TEN","","","",""
"17027-11864","RB","Chris","","Ivory","6.337500095367432","8","5900","JAC@BUF","JAC","BUF","","","",""
"17027-31397","RB","Jeremy","","Hill","10.9","10","5900","CIN@BAL","CIN","BAL","","","",""
"17027-31047","QB","AJ","","McCarron","8.17999976021903","7","5900","CIN@BAL","CIN","BAL","","","",""
"17027-29593","WR","Marqise","","Lee","8.169999694824218","10","5800","JAC@BUF","JAC","BUF","","","",""
"17027-24641","WR","Sammy","","Watkins","4.650000095367432","2","5700","JAC@BUF","BUF","JAC","","","",""
"17027-25290","RB","Giovani","","Bernard","10.280000305175781","10","5700","CIN@BAL","CIN","BAL","IR","Knee - acl","",""
"17027-27457","WR","Kenny","","Stills","7.630000305175781","10","5700","SF@MIA","MIA","SF","","","",""
"17027-54684","RB","Isaiah","","Crowell","11.254545731977982","11","5700","NYG@CLE","CLE","NYG","","","",""
"17027-21971","TE","Coby","","Fleener","8.09000015258789","10","5700","LA@NO","NO","LA","","","",""
"17027-27776","RB","Tevin","","Coleman","14.557143075125557","7","5600","ARI@ATL","ATL","ARI","","","",""
"17027-40669","WR","Tyler","","Boyd","5.570000076293946","10","5600","CIN@BAL","CIN","BAL","","","",""
"17027-54606","WR","John","","Brown","6.666666666666667","9","5600","ARI@ATL","ARI","ATL","","","",""
"17027-40845","TE","Hunter","","Henry","8.637499809265137","8","5600","SD@HOU","SD","HOU","","","",""
"17027-22035","WR","Travis","","Benjamin","9.200000339084202","9","5500","SD@HOU","SD","HOU","","","",""
"17027-6808","QB","Matt","","Moore","0.36000001430511475","1","5500","SF@MIA","MIA","SF","","","",""
"17027-7844","QB","Chad","","Henne","-0.20000000298023224","1","5500","JAC@BUF","JAC","BUF","","","",""
"17027-34154","WR","J.J.","","Nelson","5.75","8","5500","ARI@ATL","ARI","ATL","","","",""
"17027-47523","WR","Tajae","","Sharpe","6.763636502352628","11","5500","TEN@CHI","TEN","CHI","","","",""
"17027-14317","TE","Julius","","Thomas","7.4555553860134545","9","5500","JAC@BUF","JAC","BUF","NA","Back","",""
"17027-14349","WR","Jeremy","","Kerley","7.840000152587891","10","5400","SF@MIA","SF","MIA","","","",""
"17027-6768","WR","Eddie","","Royal","8.9375","8","5400","TEN@CHI","CHI","TEN","","","",""
"17027-30775","WR","Justin","","Hunter","5.6200000762939455","5","5300","JAC@BUF","BUF","JAC","","","",""
"17027-32243","WR","Marquise","","Goodwin","7.324999809265137","8","5300","JAC@BUF","BUF","JAC","","","",""
"17027-31732","WR","Corey","","Coleman","9.5","5","5300","NYG@CLE","CLE","NYG","","","",""
"17027-31406","RB","Alfred","","Blue","2.3777777353922525","9","5200","SD@HOU","HOU","SD","NA","Calf","",""
"17027-27908","TE","C.J.","","Fiedorowicz","7.419999694824218","10","5200","SD@HOU","HOU","SD","","","",""
"17027-14643","RB","DuJuan","","Harris","7.300000190734863","4","5200","SF@MIA","SF","MIA","","","",""
"17027-31061","RB","T.J.","","Yeldon","7.880000305175781","10","5200","JAC@BUF","JAC","BUF","","","",""
"17027-14198","QB","Christian","","Ponder","0","0","5200","SF@MIA","SF","MIA","NA","Coach's decision","",""
"17027-23045","K","Justin","","Tucker","10.2","10","5100","CIN@BAL","BAL","CIN","","","",""
"17027-11495","WR","Brandon","","LaFell","8.219999694824219","10","5100","CIN@BAL","CIN","BAL","","","",""
"17027-10647","K","Matt","","Bryant","11","10","5100","ARI@ATL","ATL","ARI","","","",""
"17027-21952","WR","Michael","","Floyd","7.655555725097656","9","5100","ARI@ATL","ARI","ATL","","","",""
"17027-54753","WR","Taylor","","Gabriel","8.457142966134208","7","5100","ARI@ATL","ATL","ARI","","","",""
"17027-26141","QB","Ryan","","Nassib","6.71999979019165","1","5000","NYG@CLE","NYG","CLE","","","",""
"17027-23075","QB","Alex","","Tanney","7.960000038146973","1","5000","TEN@CHI","TEN","CHI","","","",""
"17027-30253","QB","Jeff","","Driskel","0","0","5000","CIN@BAL","CIN","BAL","NA","Coach's decision","",""
"17027-34459","QB","B.J.","","Daniels","0.9200000166893005","4","5000","TEN@CHI","CHI","TEN","","","",""
"17027-47772","QB","Brandon","","Doughty","0","0","5000","SF@MIA","MIA","SF","","","",""
"17027-45797","QB","Garrett","","Grayson","0","1","5000","LA@NO","NO","LA","","","",""
"17027-7919","QB","Kellen","","Clemens","-0.10000000149011612","1","5000","SD@HOU","SD","HOU","","","",""
"17027-26355","QB","Logan","","Thomas","0","0","5000","NYG@CLE","NYG","CLE","","","",""
"17027-12539","D","Miami","","Dolphins","7.9","10","5000","SF@MIA","MIA","SF","","","",""
"17027-29445","QB","Sean","","Mannion","1.2400000095367432","1","5000","LA@NO","LA","NO","NA","Coach's decision","",""
"17027-70446","QB","Joe","","Callahan","0","0","5000","NYG@CLE","CLE","NYG","NA","Coach's decision","",""
"17027-14645","WR","Dontrelle","","Inman","6.279999923706055","10","5000","SD@HOU","SD","HOU","","","",""
"17027-70464","QB","Josh","","Woodrum","0","0","5000","TEN@CHI","CHI","TEN","","","",""
"17027-8023","QB","Josh","","Johnson","0","0","5000","NYG@CLE","NYG","CLE","NA","Coach's decision","",""
"17027-28515","QB","Cardale","","Jones","0","0","5000","JAC@BUF","BUF","JAC","NA","Coach's decision","",""
"17027-25969","QB","Tom","","Savage","0","0","5000","SD@HOU","HOU","SD","","","",""
"17027-8051","QB","Luke","","McCown","6.199999809265137","2","5000","LA@NO","NO","LA","","","",""
"17027-24949","QB","EJ","","Manuel","1.6999999682108562","3","5000","JAC@BUF","BUF","JAC","","","",""
"17027-43413","RB","Kenneth","","Dixon","3.316666603088379","6","5000","CIN@BAL","BAL","CIN","","","",""
"17027-43956","QB","David","","Fales","0","0","5000","TEN@CHI","CHI","TEN","","","",""
"17027-31170","QB","Brandon","","Allen","0","0","5000","JAC@BUF","JAC","BUF","NA","Coach's decision","",""
"17027-44500","QB","Keith","","Wenning","0","0","5000","CIN@BAL","CIN","BAL","","","",""
"17027-70127","QB","Griffin","","Neal","0","0","5000","LA@NO","NO","LA","","","",""
"17027-29685","WR","Robert","","Woods","8.544444613986546","9","5000","JAC@BUF","BUF","JAC","NA","Knee","",""
"17027-34295","WR","Breshad","","Perriman","4.911111195882161","9","5000","CIN@BAL","BAL","CIN","","","",""
"17027-28202","RB","Jeremy","","Langford","7.383333206176758","6","4900","TEN@CHI","CHI","TEN","","","",""
"17027-6704","WR","Percy","","Harvin","2.700000047683716","1","4900","JAC@BUF","BUF","JAC","NA","Migraine","",""
"17027-25760","WR","Allen","","Hurns","7.55","10","4900","JAC@BUF","JAC","BUF","","","",""
"17027-25837","RB","Duke","","Johnson Jr.","8.099999861283736","11","4900","NYG@CLE","CLE","NYG","","","",""
"17027-11532","TE","Dennis","","Pitta","6.5","10","4900","CIN@BAL","BAL","CIN","","","",""
"17027-12055","TE","Logan","","Paulsen","0.5","6","4900","TEN@CHI","CHI","TEN","","","",""
"17027-26458","WR","Tavon","","Austin","7.569999694824219","10","4900","LA@NO","LA","NO","","","",""
"17027-6664","TE","Jacob","","Tamme","6.25","8","4800","ARI@ATL","ATL","ARI","IR","Shoulder","",""
"17027-29725","TE","Levine","","Toilolo","4.028571537562779","7","4800","ARI@ATL","ATL","ARI","","","",""
"17027-11999","WR","Victor","","Cruz","6.611111111111111","9","4800","NYG@CLE","NYG","CLE","","","",""
"17027-12526","D","Buffalo","","Bills","9","10","4800","JAC@BUF","BUF","JAC","","","",""
"17027-48380","K","Wil","","Lutz","8.9","10","4800","LA@NO","NO","LA","","","",""
"17027-12543","D","New York","","Giants","6.6","10","4800","NYG@CLE","NYG","CLE","","","",""
"17027-6422","TE","Gary","","Barnidge","6.654545177112926","11","4800","NYG@CLE","CLE","NYG","","","",""
"17027-32045","TE","Vance","","McDonald","8.149999618530273","8","4800","SF@MIA","SF","MIA","","","",""
"17027-27441","RB","Damien","","Williams","6.777777777777778","9","4800","SF@MIA","MIA","SF","","","",""
"17027-39280","RB","Derrick","","Henry","5.155555725097656","9","4800","TEN@CHI","TEN","CHI","","","",""
"17027-14240","TE","Lance","","Kendricks","5.94000015258789","10","4800","LA@NO","LA","NO","","","",""
"17027-22433","TE","Dominique","","Jones","3.5999999046325684","4","4800","SF@MIA","MIA","SF","","","",""
"17027-14362","TE","Charles","","Clay","4.759999847412109","10","4700","JAC@BUF","BUF","JAC","","","",""
"17027-12525","D","Atlanta","","Falcons","5.9","10","4700","ARI@ATL","ATL","ARI","","","",""
"17027-12090","K","Nick","","Novak","9.666666666666666","9","4700","SD@HOU","HOU","SD","","","",""
"17027-29540","RB","Terron","","Ward","3.0333334604899087","3","4700","ARI@ATL","ATL","ARI","NA","Coach's decision","",""
"17027-14288","WR","Torrey","","Smith","4.977777693006727","9","4700","SF@MIA","SF","MIA","","","",""
"17027-6643","RB","Reggie","","Bush","2.8999998910086497","7","4700","JAC@BUF","BUF","JAC","","","",""
"17027-24569","K","Chandler","","Catanzaro","6.5","10","4700","ARI@ATL","ARI","ATL","","","",""
"17027-14905","WR","Kamar","","Aiken","3.0100000381469725","10","4600","CIN@BAL","BAL","CIN","","","",""
"17027-22109","K","Greg","","Zuerlein","7.222222222222222","9","4600","LA@NO","LA","NO","","","",""
"17027-62619","K","Andrew","","Franks","6.1","10","4600","SF@MIA","MIA","SF","","","",""
"17027-32429","K","Josh","","Lambo","9.7","10","4600","SD@HOU","SD","HOU","","","",""
"17027-12548","D","San Diego","","Chargers","7.8","10","4600","SD@HOU","SD","HOU","","","",""
"17027-12556","D","Houston","","Texans","5.9","10","4600","SD@HOU","HOU","SD","","","",""
"17027-24847","TE","Will","","Tye","4.520000076293945","10","4600","NYG@CLE","NYG","CLE","","","",""
"17027-6427","K","Connor","","Barth","5.9","10","4600","TEN@CHI","CHI","TEN","","","",""
"17027-33137","WR","Justin","","Hardy","3.6142856052943637","7","4600","ARI@ATL","ATL","ARI","","","",""
"17027-14245","RB","Shane","","Vereen","9.40000025431315","3","4600","NYG@CLE","NYG","CLE","IR","Triceps","",""
"17027-11712","RB","Joique","","Bell","0.6000000238418579","1","4600","TEN@CHI","CHI","TEN","","","",""
"17027-21957","WR","Kendall","","Wright","8.699999809265137","8","4600","TEN@CHI","TEN","CHI","","","",""
"17027-39427","WR","Quinton","","Patton","5.1200000762939455","10","4500","SF@MIA","SF","MIA","","","",""
"17027-39428","RB","Kyle","","Juszczyk","3.1200000762939455","10","4500","CIN@BAL","BAL","CIN","","","",""
"17027-57348","RB","Glenn","","Winston","-2.799999952316284","1","4500","NYG@CLE","CLE","NYG","IR","Shoulder","",""
"17027-46088","RB","Jhurell","","Pressley","0","0","4500","ARI@ATL","ATL","ARI","","","",""
"17027-54280","WR","Duke","","Williams","0","0","4500","LA@NO","LA","NO","","","",""
"17027-24589","WR","Jaron","","Brown","5.033333460489909","6","4500","ARI@ATL","ARI","ATL","IR","Knee","",""
"17027-6672","TE","Marcedes","","Lewis","3.290000152587891","10","4500","JAC@BUF","JAC","BUF","IR","Calf","",""
"17027-30228","WR","Tyler","","Murphy","2.0999999046325684","1","4500","SF@MIA","MIA","SF","","","",""
"17027-14358","WR","Dwayne","","Harris","-0.2","10","4500","NYG@CLE","NYG","CLE","","","",""
"17027-27672","TE","Matt","","LaCosse","3.700000047683716","1","4500","NYG@CLE","NYG","CLE","IR","Knee","",""
"17027-29723","RB","Stepfan","","Taylor","0.6000000238418579","2","4500","ARI@ATL","ARI","ATL","","","",""
"17027-31261","RB","Tre","","Mason","3.269230769230769","13","4500","LA@NO","LA","NO","","","",""
"17027-31263","WR","Ricardo","","Louis","2.922222137451172","9","4500","NYG@CLE","CLE","NYG","","","",""
"17027-39455","RB","Kerwynn","","Williams","3.4666665395100913","6","4500","ARI@ATL","ARI","ATL","","","",""
"17027-14372","WR","Aldrick","","Robinson","2.512500047683716","8","4500","ARI@ATL","ATL","ARI","","","",""
"17027-31269","RB","Corey","","Grant","2","4","4500","JAC@BUF","JAC","BUF","","","",""
"17027-7718","RB","Cedric","","Peerman","0","4","4500","CIN@BAL","CIN","BAL","","","",""
"17027-21547","RB","Will","","Johnson","2.2600000381469725","5","4500","NYG@CLE","NYG","CLE","IR","Shoulder","",""
"17027-6702","K","Phil","","Dawson","7.2","10","4500","SF@MIA","SF","MIA","","","",""
"17027-22063","WR","Keshawn","","Martin","-2","1","4500","SF@MIA","SF","MIA","","","",""
"17027-31280","K","Cody","","Parkey","6.111111111111111","9","4500","NYG@CLE","CLE","NYG","","","",""
"17027-62515","TE","Neal","","Sterling","1.5","1","4500","JAC@BUF","JAC","BUF","","","",""
"17027-29237","WR","Chris","","Harper","2.25","2","4500","SF@MIA","SF","MIA","","","",""
"17027-27199","RB","Marcus","","Murphy","0.4000000059604645","2","4500","LA@NO","NO","LA","","","",""
"17027-28226","WR","Aaron","","Burbridge","0.2","5","4500","SF@MIA","SF","MIA","","","",""
"17027-39492","TE","Josh","","Hill","2.866666793823242","6","4500","LA@NO","NO","LA","","","",""
"17027-14406","RB","Bruce","","Miller","2.589999961853027","10","4500","SF@MIA","SF","MIA","","","",""
"17027-28744","RB","Raheem","","Mostert","-0.25","8","4500","TEN@CHI","CHI","TEN","","","",""
"17027-29768","RB","Patrick","","Skov","0","0","4500","NYG@CLE","CLE","NYG","","","",""
"17027-7244","RB","John","","Kuhn","4.5","8","4500","LA@NO","NO","LA","","","",""
"17027-39512","RB","Kendall","","Gaskins","3.674999952316284","4","4500","SF@MIA","SF","MIA","","","",""
"17027-28249","RB","David","","Cobb","2.9857142312186107","7","4500","TEN@CHI","CHI","TEN","","","",""
"17027-31321","RB","Jay","","Prosch","0.375","4","4500","SD@HOU","HOU","SD","","","",""
"17027-29277","TE","Stephen","","Anderson","3.0499998728434243","6","4500","SD@HOU","HOU","SD","","","",""
"17027-25694","RB","Andre","","Williams","2.1812500953674316","16","4500","SD@HOU","SD","HOU","","","",""
"17027-22116","RB","Cyrus","","Gray","0","0","4500","ARI@ATL","ATL","ARI","","","",""
"17027-12903","WR","Andrew","","Hawkins","5.109090978449041","11","4500","NYG@CLE","CLE","NYG","","","",""
"17027-24682","RB","Andre","","Ellington","1.4199999809265136","10","4500","ARI@ATL","ARI","ATL","","","",""
"17027-29805","RB","Ryan","","Hewitt","1.5444444020589192","9","4500","CIN@BAL","CIN","BAL","","","",""
"17027-6767","K","Ryan","","Succop","7.181818181818182","11","4500","TEN@CHI","TEN","CHI","","","",""
"17027-11890","WR","Bryan","","Walters","2.133333365122477","3","4500","JAC@BUF","JAC","BUF","","","",""
"17027-38514","WR","Kevin","","White","7.275000095367432","4","4500","TEN@CHI","CHI","TEN","IR","Lower leg","",""
"17027-38517","RB","Dreamius","","Smith","0","2","4500","SD@HOU","SD","HOU","","","",""
"17027-29304","RB","Daniel","","Lasco","1.7666667302449544","3","4500","LA@NO","NO","LA","O","Hamstring","",""
"17027-6778","TE","Anthony","","Fasano","2.914285659790039","7","4500","TEN@CHI","TEN","CHI","","","",""
"17027-33403","WR","Tevin","","Jones","0","0","4500","SD@HOU","HOU","SD","","","",""
"17027-29821","WR","Jordan","","Payton","0.4000000059604645","2","4500","NYG@CLE","CLE","NYG","NA","Coach's decision","",""
"17027-31874","RB","Kenneth","","Farrow","1.3399999618530274","5","4500","SD@HOU","SD","HOU","","","",""
"17027-21123","TE","Larry","","Donnell","4.1400001525878904","5","4500","NYG@CLE","NYG","CLE","","","",""
"17027-28815","RB","Akeem","","Hunt","2.799999952316284","2","4500","SD@HOU","HOU","SD","","","",""
"17027-33424","WR","Mose","","Frazier","0","0","4500","SF@MIA","SF","MIA","","","",""
"17027-31378","WR","Kadron","","Boone","0","0","4500","NYG@CLE","NYG","CLE","","","",""
"17027-28311","TE","MarQueis","","Gray","3.0799999237060547","5","4500","SF@MIA","MIA","SF","","","",""
"17027-6810","K","Dan","","Carpenter","7.3","10","4500","JAC@BUF","BUF","JAC","","","",""
"17027-45723","TE","Crockett","","Gillmore","3.4200000762939453","5","4500","CIN@BAL","BAL","CIN","NA","Hamstring","",""
"17027-15006","RB","Shaun","","Draughn","4.925000190734863","8","4500","SF@MIA","SF","MIA","","","",""
"17027-6823","TE","John","","Phillips","3.25","4","4500","LA@NO","NO","LA","","","",""
"17027-11431","TE","Jermaine","","Gresham","3.220000076293945","10","4500","ARI@ATL","ARI","ATL","","","",""
"17027-62631","RB","Gus","","Johnson","0","0","4500","ARI@ATL","ATL","ARI","","","",""
"17027-29866","RB","Paul","","Perkins","4.4571429661342075","7","4500","NYG@CLE","NYG","CLE","","","",""
"17027-46767","TE","Je'Ron","","Hamm","0","1","4500","SF@MIA","SF","MIA","NA","Coach's decision","",""
"17027-22198","WR","Brittan","","Golden","0.7800000190734864","5","4500","ARI@ATL","ARI","ATL","","","",""
"17027-31417","WR","James","","Wright","1.2333333492279053","6","4500","CIN@BAL","CIN","BAL","","","",""
"17027-28346","TE","Maxx","","Williams","4.066666603088379","12","4500","CIN@BAL","BAL","CIN","IR","Knee","",""
"17027-25789","WR","Rashawn","","Scott","0","0","4500","SF@MIA","MIA","SF","","","",""
"17027-11454","RB","Dexter","","McCluster","1.2166666984558105","6","4500","SD@HOU","SD","HOU","O","Forearm","",""
"17027-40126","TE","Austin","","Hooper","6.342857360839844","7","4500","ARI@ATL","ATL","ARI","","","",""
"17027-70335","TE","Seth","","DeValve","3.7666667302449546","3","4500","NYG@CLE","CLE","NYG","","","",""
"17027-11457","WR","Arrelious","","Benn","2.512500047683716","8","4500","JAC@BUF","JAC","BUF","","","",""
"17027-70342","TE","Temarrick","","Hemingway","0","0","4500","LA@NO","LA","NO","NA","Coach's decision","",""
"17027-27338","RB","Rex","","Burkhead","1.4600000381469727","5","4500","CIN@BAL","CIN","BAL","","","",""
"17027-31435","TE","Nic","","Jacobs","0.36666667461395264","3","4500","CIN@BAL","BAL","CIN","","","",""
"17027-22220","TE","Sean","","McGrath","1.1666666666666667","3","4500","SD@HOU","SD","HOU","","","",""
"17027-30412","WR","Tavarres","","King","0.550000011920929","2","4500","NYG@CLE","NYG","CLE","NA","Coach's decision","",""
"17027-62668","TE","John","","Peters","0","0","4500","CIN@BAL","CIN","BAL","","","",""
"17027-33488","TE","Troy","","Niklas","0.25","2","4500","ARI@ATL","ARI","ATL","IR","Wrist","",""
"17027-47828","RB","Antonio","","Andrews","0.5","3","4500","TEN@CHI","TEN","CHI","","","",""
"17027-57556","TE","Jerome","","Cunningham","1.6499999364217122","6","4500","TEN@CHI","TEN","CHI","","","",""
"17027-28890","RB","Derek","","Watt","2.0999999046325684","4","4500","SD@HOU","SD","HOU","","","",""
"17027-45791","WR","Rashard","","Higgins","0.9000000272478376","7","4500","NYG@CLE","CLE","NYG","","","",""
"17027-39649","RB","Benny","","Cunningham","2.8444444868299694","9","4500","LA@NO","LA","NO","","","",""
"17027-9442","WR","Brandon","","Tate","1.5999999576144748","9","4500","JAC@BUF","BUF","JAC","","","",""
"17027-22754","TE","Garrett","","Celek","4.387499809265137","8","4500","SF@MIA","SF","MIA","","","",""
"17027-61666","WR","Jared","","Dangerfield","0","0","4500","LA@NO","NO","LA","","","",""
"17027-25827","TE","Asante","","Cleveland","0.6000000238418579","1","4500","SD@HOU","SD","HOU","NA","Concussion","",""
"17027-32483","WR","Josh","","Boyce","0","0","4500","NYG@CLE","CLE","NYG","","","",""
"17027-22244","TE","Beau","","Brinkley","0","16","4500","TEN@CHI","TEN","CHI","","","",""
"17027-28907","WR","Alex","","Erickson","0.3700000047683716","10","4500","CIN@BAL","CIN","BAL","","","",""
"17027-24817","TE","Nick","","O'Leary","2.4833332697550454","6","4500","JAC@BUF","BUF","JAC","","","",""
"17027-39153","TE","Ifeanyi","","Momah","2","3","4500","ARI@ATL","ARI","ATL","IR","Wrist","",""
"17027-22258","RB","Travaris","","Cadet","3.3666665818956165","9","4500","LA@NO","NO","LA","Q","Toe","",""
"17027-47861","TE","Mitchell","","Henry","0","2","4500","CIN@BAL","BAL","CIN","","","",""
"17027-12534","D","Tennessee","","Titans","5.7272727272727275","11","4500","TEN@CHI","TEN","CHI","","","",""
"17027-22774","RB","Jonas","","Gray","4.100000108991351","7","4500","JAC@BUF","JAC","BUF","","","",""
"17027-11511","TE","Tony","","Moeaki","4.433333396911621","3","4500","TEN@CHI","CHI","TEN","","","",""
"17027-44791","RB","Bronson","","Hill","0","0","4500","JAC@BUF","JAC","BUF","","","",""
"17027-6904","WR","Devin","","Hester","-0.2222222222222222","9","4500","CIN@BAL","BAL","CIN","","","",""
"17027-28408","WR","Kyle","","Prater","0","0","4500","LA@NO","NO","LA","","","",""
"17027-33531","TE","Ben","","Koyack","3.866666793823242","3","4500","JAC@BUF","JAC","BUF","","","",""
"17027-45821","WR","Isaiah","","Burse","0","2","4500","SD@HOU","SD","HOU","","","",""
"17027-6910","K","Robbie","","Gould","4.25","4","4500","NYG@CLE","NYG","CLE","","","",""
"17027-47870","TE","Tyler","","Higbee","1.099999984105428","6","4500","LA@NO","LA","NO","","","",""
"17027-11522","WR","Marcus","","Easley","4.100000063578288","3","4500","JAC@BUF","BUF","JAC","NA","Kneecap","",""
"17027-12555","D","Baltimore","","Ravens","9.3","10","4500","CIN@BAL","BAL","CIN","","","",""
"17027-27403","TE","Blake","","Bell","0.6666666666666666","3","4500","SF@MIA","SF","MIA","","","",""
"17027-25356","TE","Benson","","Browne","0","0","4500","LA@NO","LA","NO","","","",""
"17027-30989","RB","Kenyan","","Drake","3.8999998910086497","7","4500","SF@MIA","MIA","SF","","","",""
"17027-30990","RB","Jalston","","Fowler","1.899999976158142","1","4500","TEN@CHI","TEN","CHI","","","",""
"17027-28437","TE","Danny","","Vitale","0","0","4500","NYG@CLE","CLE","NYG","","","",""
"17027-33047","WR","Chris","","Moore","1.037500023841858","8","4500","CIN@BAL","BAL","CIN","","","",""
"17027-34073","TE","Ryan","","Griffin","4.6299999237060545","10","4500","SD@HOU","HOU","SD","","","",""
"17027-53532","WR","Roger","","Lewis","4.320000076293946","5","4500","NYG@CLE","NYG","CLE","Q","Concussion","",""
"17027-24862","WR","Rashad","","Greene Sr.","0.528571435383388","7","4500","JAC@BUF","JAC","BUF","","","",""
"17027-45343","WR","Daniel","","Braverman","0","0","4500","TEN@CHI","CHI","TEN","","","",""
"17027-33571","RB","George","","Atkinson III","0","7","4500","NYG@CLE","CLE","NYG","","","",""
"17027-11556","TE","Michael","","Hoomanawanui","2.910000038146973","10","4500","LA@NO","NO","LA","IR","Lower leg","",""
"17027-31524","WR","Cody","","Core","0","0","4500","CIN@BAL","CIN","BAL","","","",""
"17027-29477","TE","Connor","","Hamlett","8.199999809265137","1","4500","NYG@CLE","CLE","NYG","","","",""
"17027-32551","WR","Kolby","","Listenbee","0","0","4500","JAC@BUF","BUF","JAC","O","Pelvis","",""
"17027-26411","TE","Ryan","","Malleck","0","0","4500","NYG@CLE","NYG","CLE","","","",""
"17027-70444","WR","Paul","","McRoberts","0","0","4500","LA@NO","LA","NO","","","",""
"17027-10030","WR","Harry","","Douglas","3.174999952316284","4","4500","TEN@CHI","TEN","CHI","","","",""
"17027-43826","WR","Tommylee","","Lewis","1.9166666666666667","6","4500","LA@NO","NO","LA","","","",""
"17027-22336","WR","Joshua","","Bellamy","1.6999999455043249","7","4500","TEN@CHI","CHI","TEN","","","",""
"17027-22849","TE","Cory","","Harkey","0.8499999841054281","6","4500","LA@NO","LA","NO","","","",""
"17027-60745","K","Jason","","Myers","7.4","10","4500","JAC@BUF","JAC","BUF","","","",""
"17027-15178","RB","Chase","","Reynolds","0","2","4500","LA@NO","LA","NO","","","",""
"17027-29003","RB","Ka'Deem","","Carey","2.4571429661342075","7","4500","TEN@CHI","CHI","TEN","","","",""
"17027-54612","RB","Lorenzo","","Taliaferro","2.5","1","4500","CIN@BAL","BAL","CIN","NA","Thigh","",""
"17027-6488","WR","Dwayne","","Bowe","1.1142857415335519","7","4500","NYG@CLE","CLE","NYG","","","",""
"17027-70489","TE","Ben","","Braunecker","1.2999999523162842","1","4500","TEN@CHI","CHI","TEN","","","",""
"17027-14683","RB","Patrick","","DiMarco","2.2666667302449546","6","4500","ARI@ATL","ATL","ARI","","","",""
"17027-54621","WR","Walt","","Powell","3.433333396911621","6","4500","JAC@BUF","BUF","JAC","","","",""
"17027-28525","WR","Braxton","","Miller","2.700000047683716","8","4500","SD@HOU","HOU","SD","","","",""
"17027-11635","WR","Marc","","Mariani","0","11","4500","TEN@CHI","TEN","CHI","","","",""
"17027-28021","RB","Sione","","Houma","0","0","4500","LA@NO","NO","LA","","","",""
"17027-32632","WR","Bradley","","Marquez","0.7400000095367432","5","4500","LA@NO","LA","NO","","","",""
"17027-11648","TE","Jim","","Dray","1.0111111534966364","9","4500","JAC@BUF","BUF","JAC","","","",""
"17027-54659","WR","Tony","","Washington","0.800000011920929","1","4500","JAC@BUF","JAC","BUF","","","",""
"17027-30598","TE","Busta","","Anderson","0","0","4500","TEN@CHI","CHI","TEN","","","",""
"17027-55694","WR","Mike","","Thomas","0","3","4500","LA@NO","LA","NO","","","",""
"17027-29583","TE","Randall","","Telfer","0.06666666766007741","3","4500","NYG@CLE","CLE","NYG","","","",""
"17027-28562","TE","Jake","","Stoneburner","6.400000254313151","3","4500","LA@NO","NO","LA","","","",""
"17027-70553","WR","Kieran","","Duncan","0","0","4500","TEN@CHI","CHI","TEN","","","",""
"17027-22938","WR","Rod","","Streater","1.1285714421953474","7","4500","SF@MIA","SF","MIA","","","",""
"17027-33691","RB","Orleans","","Darkwa","6.324999809265137","4","4500","NYG@CLE","NYG","CLE","","","",""
"17027-30108","WR","Marquess","","Wilson","4","1","4500","TEN@CHI","CHI","TEN","","","",""
"17027-70557","WR","Jake","","Lampman","0","0","4500","LA@NO","NO","LA","","","",""
"17027-38301","TE","Darren","","Fells","2.660000038146973","5","4500","ARI@ATL","ARI","ATL","","","",""
"17027-45472","TE","Garrett","","Griffin","0","0","4500","LA@NO","NO","LA","","","",""
"17027-32674","TE","Jace","","Amaro","7.400000095367432","1","4500","TEN@CHI","TEN","CHI","","","",""
"17027-6566","RB","Chris","","Johnson","3.875","4","4500","ARI@ATL","ARI","ATL","IR","Groin","",""
"17027-30635","RB","Mike","","Davis","1.8571428571428572","7","4500","SF@MIA","SF","MIA","NA","Coach's decision","",""
"17027-22958","RB","Bobby","","Rainey","4.600000063578288","6","4500","NYG@CLE","NYG","CLE","","","",""
"17027-22447","WR","Griff","","Whalen","0.800000011920929","4","4500","SD@HOU","SD","HOU","","","",""
"17027-22959","WR","Deonte","","Thompson","0.26666667726304794","9","4500","TEN@CHI","CHI","TEN","","","",""
"17027-25011","TE","Darren","","Waller","5.550000190734863","2","4500","CIN@BAL","BAL","CIN","","","",""
"17027-26038","TE","Tyler","","Kroft","2.366666634877523","6","4500","CIN@BAL","CIN","BAL","","","",""
"17027-28088","RB","Denard","","Robinson","1.8666666348775227","3","4500","JAC@BUF","JAC","BUF","","","",""
"17027-43961","RB","Tyler","","Ervin","-0.04000000059604645","10","4500","SD@HOU","HOU","SD","NA","Chest","",""
"17027-14266","RB","Daniel","","Thomas","0","0","4500","SF@MIA","MIA","SF","","","",""
"17027-14268","RB","Stevan","","Ridley","0.699999988079071","1","4500","ARI@ATL","ATL","ARI","","","",""
"17027-26045","WR","Leonte","","Carroo","0.8000000317891439","3","4500","SF@MIA","MIA","SF","","","",""
"17027-30654","TE","Jerell","","Adams","3.5799999237060547","5","4500","NYG@CLE","NYG","CLE","","","",""
"17027-32703","WR","Jakeem","","Grant","0.5","8","4500","SF@MIA","MIA","SF","","","",""
"17027-14274","TE","Rob","","Housler","1.0600000381469727","5","4500","TEN@CHI","CHI","TEN","","","",""
"17027-33218","TE","Bryce","","Williams","0","0","4500","LA@NO","LA","NO","","","",""
"17027-14277","WR","Vincent","","Brown","2.700000047683716","1","4500","LA@NO","NO","LA","","","",""
"17027-10695","RB","Darrel","","Young","0.6888888676961263","9","4500","TEN@CHI","CHI","TEN","","","",""
"17027-30667","TE","Justice","","Cunningham","0","2","4500","LA@NO","LA","NO","","","",""
"17027-29645","RB","Javorius","","Allen","2.133333365122477","3","4500","CIN@BAL","BAL","CIN","","","",""
"17027-39373","WR","Jaelen","","Strong","3.3500000635782876","6","4500","SD@HOU","HOU","SD","NA","Ankle","",""
"17027-22991","RB","Jonathan","","Grimes","2.5333333015441895","3","4500","SD@HOU","HOU","SD","","","",""
"17027-31184","RB","Jonathan","","Williams","2.1200000762939455","5","4500","JAC@BUF","BUF","JAC","","","",""
"17027-40913","TE","Thomas","","Duarte","0","0","4500","SF@MIA","MIA","SF","NA","Coach's decision","",""
"17027-25554","RB","Nikita","","Whitlock","0","14","4500","NYG@CLE","NYG","CLE","O","Suspension","",""
"17027-14292","TE","Jordan","","Cameron","5.333333333333333","3","4500","SF@MIA","MIA","SF","IR","Concussion","",""
"17027-21972","WR","Brian","","Quick","7.669999694824218","10","4500","LA@NO","LA","NO","","","",""
"17027-29655","RB","Soma","","Vainuku","0","0","4500","SD@HOU","HOU","SD","","","",""
"17027-14297","WR","Greg","","Salas","8.449999809265137","2","4500","JAC@BUF","BUF","JAC","","","",""
"17027-23003","TE","Phillip","","Supernaw","2.049999952316284","4","4500","TEN@CHI","TEN","CHI","NA","Concussion","",""
"17027-25052","RB","Zach","","Laskey","0","0","4500","LA@NO","LA","NO","IR","Undisclosed","",""
"17027-26076","RB","Sam","","Bergen","0","0","4500","TEN@CHI","TEN","CHI","","","",""
"17027-6622","WR","Eric","","Weems","0","10","4500","ARI@ATL","ATL","ARI","","","",""
"17027-21984","RB","Isaiah","","Pead","1.649999976158142","2","4500","SF@MIA","MIA","SF","","","",""
"17027-28131","WR","Keith","","Mumphery","2.200000047683716","1","4500","SD@HOU","HOU","SD","","","",""
"17027-40932","WR","Pharoh","","Cooper","0.8500000238418579","4","4500","LA@NO","LA","NO","","","",""
"17027-26598","WR","Nelson","","Spruce","0","0","4500","LA@NO","LA","NO","IR","Calf","",""
"17027-31207","TE","C.J.","","Uzomah","4.633333206176758","6","4500","CIN@BAL","CIN","BAL","NA","Calf","",""
"17027-32234","RB","Malcolm","","Brown","1.6999999682108562","3","4500","LA@NO","LA","NO","","","",""
"17027-6636","K","Mike","","Nugent","7.1","10","4500","CIN@BAL","CIN","BAL","","","",""
"17027-26094","WR","Brandon","","Coleman","4.8666665818956165","9","4500","LA@NO","NO","LA","","","",""
"17027-28144","TE","Dion","","Sims","2.414285659790039","7","4500","SF@MIA","MIA","SF","","","",""
"17027-34288","WR","Rannell","","Hall","0","1","4500","NYG@CLE","CLE","NYG","IR","Leg","",""
"17027-11766","TE","Jeff","","Cumberland","1.4571428298950195","7","4500","SD@HOU","SD","HOU","IR","Achilles","",""
"17027-45562","RB","Paul","","Lasike","0.4000000059604645","4","4500","TEN@CHI","CHI","TEN","","","",""
"17027-6653","RB","Jerome","","Felton","0.7250000238418579","8","4500","JAC@BUF","BUF","JAC","","","",""
"17027-12528","D","Cincinnati","","Bengals","5.2","10","4300","CIN@BAL","CIN","BAL","","","",""
"17027-12542","D","New Orleans","","Saints","4.1","10","4300","LA@NO","NO","LA","","","",""
"17027-12546","D","Arizona","","Cardinals","9.3","10","4300","ARI@ATL","ARI","ATL","","","",""
"17027-12538","D","Los Angeles","","Rams","7.7","10","4200","LA@NO","LA","NO","","","",""
"17027-12527","D","Chicago","","Bears","5.9","10","4100","TEN@CHI","CHI","TEN","","","",""
"17027-12529","D","Cleveland","","Browns","2.909090909090909","11","4000","NYG@CLE","CLE","NYG","","","",""
"17027-12549","D","San Francisco","","49ers","4","10","4000","SF@MIA","SF","MIA","","","",""
"17027-12554","D","Jacksonville","","Jaguars","3.1","10","4000","JAC@BUF","JAC","BUF","","","",""